date	comment	ID	subreddit	superID	human_score
9/1/23	You sound a little lame but who cares. You're allowed to have boundaries	58498	r/CasualConversation	56355	0.05
10/6/23	Good job	148551	r/CasualConversation	143594	0.3
11/11/23	"No, that is exactly what I said, if the government intervenes how can the market be free"	56508	r/PoliticalDiscussion	330062	-0.1
9/16/23	"Wenas, no sÃ© si es normal que lleve obsesionada 7 aÃ±os con la misma canciÃ³n """"Uptown Funk""""  de bruno mars(no sÃ© quÃ© dice la canciÃ³n, solo sÃ© que el ritmo es buenÃ­simo)."	100182	r/CasualConversation	96761	0.3
8/18/23	"TIL the names of Aerosmith members XD. Funny I didn't know them,despite loving their music. Haha that must've been funny to witness.  Sounds like you had a great time!  Tbh it's the first time I've heard of all of them,thanks for updating my info base ðŸ™ƒ"	28572	r/CasualConversation	27616	0.8
9/30/23	I think the dems brokered a deal to support him for Speaker if he called the bill up.  If they vote for him he won't lose.	157976	r/PoliticalDiscussion	417230	0.05
8/22/23	"Then don't go thinking Republicans are for the working class or poor because they want to lower that number not raise it. There literally been segments where conservatives have said """"if you own a fridge or a microwave then you're not poor""""."	113675	r/PoliticalDiscussion	379402	-0.6
10/18/23	I think we might have a regional difference here.  I'm in southern California and barbecuing is throwing meat on an outdoor grill.	177046	r/CasualConversation	171042	0
11/28/23	"I bet you're also really, really, really, ridiculously good looking too, huh? If you have to try and tell/convince people you're really smart, you're probably not."	273098	r/CasualConversation	263774	-0.7
10/5/23	I don't think anyone really knows. This has never been done before and that position doesn't exist in the constitution so its responsibilities and powers aren't outlined as far as I know. Guess we'll just see what precedence is set.	45344	r/PoliticalDiscussion	320345	0
10/19/23	"You lucky bastard, you go to work to have fun?  I just have to endure noise and smell nauseating coffee all day long."	181657	r/CasualConversation	175522	0
10/28/23	I'm an ametur ballroom dancer	200188	r/CasualConversation	193314	0.1
11/30/23	"Recognize and restrict,"""" in the context of the First Amendment, is extremely difficult -- as it should be. The alternative is trusting some outside body/authority with deciding what is and isn't valid information. I don't trust my media to do that, and I certainly wouldn't trust a government body. The bigger problem, I think, is that many (perhaps most) people don't want unbiased, fact-based and non-propagandistic information. They want their biases confirmed. Well-meaning efforts at better civics education, increased critical thinking skills etc. can't put a dent in that until and unless society rewards asking questions more than going along with whatever the in-group says you should believe.  Call me cynical, but I think that ship has sailed."	84591	r/PoliticalDiscussion	354378	-0.5
11/9/23	"Exactly why they don't want Palestinians to have right to vote.  Sorry, you allow all of the humans of voting age in that geographic area to vote democratically, you would have a very different result. How about war crimes tribunals for both sides, Hamas and Israeli leadership. Jail time, etc. Get rid of corruption on both sides and decapitate the entrenched power structures upholding ethno-supremacy. Pipe dream? Sure. But it's a concept that should be pursued because it's the only one that makes sense without having to compromise an ethical and just solution."	96256	r/PoliticalDiscussion	364587	-0.05
8/17/23	"It's a choice that can work well, but it's not for every child. Some need that social outlet of school. Interacting with those who are different, even in a more homogeneous private school, is also good for social development. Homeschool is not bad in and of itself, but it is often corrupted to indoctrinate a child in a very narrow point of view, or to control/abuse a child."	24663	r/CasualConversation	23814	-0.4
9/7/23	"My brother was a functioning alcoholic for 3 years and was having 6+ drinks a day with not a single soul noticing. I definitely know what I'm talking a about. We all went through a lot of counseling, and learning when this happened. He's better now."	71858	r/CasualConversation	69171	-0.3
12/1/23	"I haven't played video games since forever and just started with the Sims 4 (free for the base game which comes with enough to keep you entertained a long, long time). Having a blast with the game play but especially the building aspect.  I'm not saying it's addictive, but I watching about two-thirds less TV and not spending every waking hour looking for things on eBay, LOL."	281028	r/CasualConversation	271472	0.7
11/17/23	I'm sure they are all absentee voters too	64001	r/PoliticalDiscussion	336548	0
9/4/23	Primarily by the fact that the market is paying such a premium for them. Markets are faster and better judges than I am. Shareholders don't give away millions of dollars if they don't think they have to.	159995	r/PoliticalDiscussion	419029	0
11/13/23	He also wants to raise the voting age to 25. If there's one issue that could result in even more lopsided Democratic margins from young voters it's literally the threat of taking away their votes.	59104	r/PoliticalDiscussion	332313	-0.55
11/11/23	"I've wondered that too but with a different twist. My mom was the one who made me wonder: why don't the cops chase or ticket you for speeding or running red lights in front of them? That was a very good question but it would probably get annoying eventually, with a wanted level every few minutes."	233439	r/CasualConversation	225515	0
10/17/23	The Russians have proven they're cowards and inept so I'm not wasting any money on the USSR even at their peak	16369	r/PoliticalDiscussion	295411	-0.4
9/15/23	"Excuse me, Know-it-all Adult Redditor. I am aware that life looks like this for great part of the future. What I mean with this post, is to get advice, input, however you might name it, so that my life can be a little more bearable.  I hate this mentality that some people have: ""Oh, I can get through this. Why can't you? Just suck it up."" Yeah, that's not how everyone works, you know."	94472	r/CasualConversation	91156	-0.8
11/12/23	"If he is alive, I think you should be given a pardon so he could Tell people how it actually happened."	235699	r/CasualConversation	227702	0
9/10/23	"It's the people who live in the same city as us who annoy us daily with their shitty drovong, so we assume they are the worst drivers on the planet."	80049	r/CasualConversation	77133	-0.9
10/19/23	"Apparently no one knows what barbecue is so here goes. Barbecue refers to a very broad way of preparing food. It encompasses smoking, grilling, sometimes baking or even frying. This will be my last comment about something so painfully obvious."	179433	r/CasualConversation	173353	-0.7
10/13/23	What fantasy world are you living in?	6963	r/PoliticalDiscussion	287207	-0.8
10/29/23	I hope you're a big dude.	201968	r/CasualConversation	195025	0
10/26/23	"Only coffee made barista-style with a proper espresso machine and milk foamer should warrant a price above Â£1.50 per cup. I've seen actual *cafes* selling coffee out of a press-the-button-and-make-your-choice automatic coffee machine (like the ones in Wetherspoons) for upwards of Â£3.   Properly made but pricey?  Okay. Badly made but cheap?  Okay. Properly made but cheap?  I mean, I don't know how you're turning a profit, but okay! Badly made but pricey?  Fuck outta town man."	196696	r/CasualConversation	189956	-0.5
10/13/23	Dems have been kicking ass in GA? 2022 called: https://en.m.wikipedia.org/wiki/2022_Georgia_state_elections 1 democrats won very important race and it was against the absolute worst candidate imaginable	5413	r/PoliticalDiscussion	285683	-0.5
8/20/23	"Thank you, a lovely explanation ðŸ¥°"	33400	r/CasualConversation	32295	0.7
11/10/23	"The irony is that Joe Biden has been one of the more neutral, non engaging, quiet and mundane presidents in decades.  The fact that right wing propaganda has somehow convinced about 100 million Americans that he has this diabolical psychopath is honestly impressive"	55192	r/PoliticalDiscussion	328978	-0.2
8/18/23	What Alcohol and Beverage Control is allowed to do varies wildly from state to state. In mine they will actually produce and provide fake IDs for the purposes of drumming up violations.	28951	r/CasualConversation	27991	0
11/8/23	Thank you!! The 10 min version just doesn't hit the same and I feel like I'm the only one who feels this way. I'll also add - You're Losing Me and Champagne Problems to that.	226508	r/CasualConversation	218815	0
12/4/23	It took us a year for our first also. Then the second was quick. The third was unplanned.	288300	r/CasualConversation	278469	0
9/18/23	"I love biriyani, but I hate when there are a lot of whole cardamom pods - can't taste anything else after biting into one"	104053	r/CasualConversation	100475	-0.2
11/5/23	your avoidance of the question is the answer.	90248	r/PoliticalDiscussion	359324	-0.6
9/6/23	"My wife has ADHD and she showers 3-4 times a day lmao. We live in a very hot place in Brazil (Amazonas), so it's expected. She would do it anywhere else too."	68954	r/CasualConversation	66385	0
9/10/23	">u/ComfortableRace8416 avatar ComfortableRace8416 10m Is jail the sole judge of a fair system?  Oh no, for sure not. Gotta put all the undesirables somewhere. Just odd that these tyrannical governments... and the US... seem to have so many."	131127	r/PoliticalDiscussion	394309	-0.6
8/23/23	"I once tested this with my girlfriend lol. So , I asked her if she has ever heard of the Lazy Egg """"Gudetama"""" , she said no, she has no idea wtf that is. I told her it was a Japanese character, similar to Hello Kitty, used to sell merchandise. I told her Not to search it up on her phone, not to use her phone to do anything relating to Gudetama. Then I told her to say """"I like Gudetama"""" out loud, and other stuff like """"I want Gudetama plushie for my birthday,  Gudetama is the best, Gudetama is the cutest,  Gudetama shirt sounds so cool"""". We waited a week, and then out of nowhere she was like OMG, and showed me her phone-- an advertisement for a Gudetama plushie showed up on her Facebook timeline Lol."	38770	r/CasualConversation	37383	0
11/30/23	"I tried watching heavy metal earlier because my friend says he likes it, but I don't get it either. In fact I was a bit scared watching it just knowing it exists ðŸ«£"	278642	r/CasualConversation	269174	-0.1
10/9/23	"I mean, he found the holy grail, and the ark of the covenant, and whatever it was that happened in the second movie. Not sure why time travel would be a stretch. Was there one with aliens? Pretty sure no Indy movie with aliens and Shia LaBeouf exists"	155913	r/CasualConversation	150661	0
11/30/23	"Okay, we all put you personally in charge of going to get them."	85452	r/PoliticalDiscussion	355229	0
11/21/23	Your sons name is Autofart? Limousinewind? Carblow?	256506	r/CasualConversation	247782	0
11/3/23	lmao that's some special sign that came out of nowhere. Thats so insanely funny and good god how does the guy not know the social etiquette? At least ask to crash instead of having the expectation!	215048	r/CasualConversation	207671	-0.3
11/9/23	Inside each other oh boy tmi	228037	r/CasualConversation	220272	0
10/3/23	"Forgot one, Mandatory drug testing(full spectrum) and verification prior to acquisition of any firearm by any means and there after once a year to maintain the privilege."	38760	r/PoliticalDiscussion	314693	0
9/28/23	I can understand liking someone on that merit but the day dream aspect is rare to me	131024	r/CasualConversation	126659	0.2
9/23/23	NJ has had a Dem senate and assembly for more than 20 years. And Christie is the only Republican Gov in decades. NJ is solid blue. Christie was the expection because he's so Jersey that he had cross party appeal.	149187	r/PoliticalDiscussion	409658	0.2
11/21/23	"I'm also a short dude, so I think I can kind of understand how you feel. For me at least, it was so hard to keep hoping I would get just a little taller, but it not happening. I remember looking up ""how old can you be and still get a growth spurt"" in my early 20s. At times, I don't feel like a complete man and because I'm not even average height, I'll never really be a man in the eyes of other people. I remember being straight up rejected because I was too short and who can guess how often I was (literally) overlooked by women because of my height.  But it's fine. It's not ideal, but barely anything is. I was able to make friends and pursue most of the things I wanted. There were definitely times women I was interested in were also interested in me. I just didn't see it at the time because I was so sure that she wasn't ""really"" interested in me because of this and that. Some people kind of baby me, but if I'm being honest, I kind of play into it so if I made a mistake, they're fine with it and when I'm doing something well, they are overly impressed.  I hate when people here on Reddit tell you how there's other people who are short and successful or now it's all in your head. You can feel upset, angry, or any other way you feel because life is definitely more difficult when you're short. But it's the hand we were dealt so we have to keep moving forward."	255472	r/CasualConversation	246775	0.2
11/15/23	That makes sense. I believe that most of my associates that are Muslim are second generation Americans. Disregard my original comment. I think my experience was based on my perception and world view. And I did not factor this in. Thank you for your response. I'm going to consider this from here on.	243074	r/CasualConversation	234868	0.5
8/26/23	"I love it, thank you ðŸ¤©"	44273	r/CasualConversation	42636	0.75
11/25/23	Princess Bride	266549	r/CasualConversation	257521	0
9/12/23	"In any media that mentions Trump and his willingness to talk to the leaders of NK and Russia, why is it always called an unhealthy obsession or a fascination? I am assuming here that any attempt to be kind with those who dislike us is a positive step, politically speaking. Let me rephrase this question: why do people criticize the leader of the free world when he tries to make a positive political connection with her enemies? Let me rephrase again: why do people criticize wanting to strengthen ties with another country that views us unfavorably? I asked this in a /ask subreddit and was auto nuked by bots saying certain topics """"from time to time"""" are not allowed. I made a thread here and it has to be approved first. Why is Reddit so scared of my question?"	133182	r/PoliticalDiscussion	396143	-0.6
9/20/23	"Mine is """"You tried your best"""" doesn't matter what the subject matter, is as long as you tried you're good."	110353	r/CasualConversation	106640	0.7
9/6/23	i watched the movie Her and it's incredible how slowly but surely we're starting to live in the times depicted in the film. There are AI girlfriend projects that are picking up the torch	70181	r/CasualConversation	67529	0
9/12/23	"I'm a teacher and every time a student tries to give me a hug, I flinch."	87087	r/CasualConversation	83996	-0.1
8/18/23	"If China got their head out of their behind, they'd see this as an opportunity to crush Russia."	110444	r/PoliticalDiscussion	376715	-0.15
11/20/23	"Fake it till you make it. That's how I got good. I used to have nooo social skills I was so shy and decided to become a nurse. What an idiot. But I find that starting with the classics opens the door and you can quickly judge if the other person wants to talk or not. Also I like to let the other person speak, listen to them and unless they directly ask me questions, I kind of put them in the lead of the discussion and nudge them in the direction I want. Like we will talk about their family, then they will drop something about their son or daughter and I would go: you told me your son was doing x y z. """"Does he like that? I always found it interesting."""" And then the other person can go on. Also I found out the classics were classics for a reason. Weathers and such are great discussion openers. Complimenting politely on a detail is nice too but can lead to a closed route if you don't have a follow up. And one last thing I read and was useful was FORD. Family, Occupation, Recreation, Dreams and you slowly go in orders. Family, work, hobbies and projects.  Also you can get a dog and go on walks. People love to talk about their dogs. I met like half the neighborhood that way."	252591	r/CasualConversation	244004	0.9
9/21/23	That's so beautiful	114429	r/CasualConversation	110630	0.9
10/11/23	You should demand the manager and get that dish comped.  Give the server a tip to polish their resume for their new job.	162340	r/CasualConversation	156940	-0.1
10/15/23	"Unfortunately as a centrist, this is the rhetoric I hear on both sides and it's disgusting to me. Sure one side has done .kre to act in it, but I feel the GOP is just a few years ahead of the Democrats here and the dangerous game they're playing (like sending millions to hard Maga candidates to make it """"easier"""" to beat them. It works until it doesn't and then it's bad, they should learn from the lessons of the GOP, not sure if they will"	12105	r/PoliticalDiscussion	291735	-0.2
11/3/23	"You're talking as if somehow there ought to be an Israeli victory! So of course you wind up justifying ethnic cleansing and genocide and whatever it is they wind up doing. But Israel is in the wrong and there's no particular reason they ought to get a military victory, or a surrender or whatever. Just, if they happen to be strong enough to get that result then they kind of deserve it in the sense that might makes right. But they aren't that strong, they are depending on the USA to make them stronger.  How is it that the USA owes them a victory?"	84216	r/PoliticalDiscussion	354258	-0.9
9/17/23	"Well, I sneezed once and threw out my neck and ended up on painkillers and muscle relaxantsâ€¦ but I didn't fall into a grave, so you definitely won lol"	103011	r/CasualConversation	99498	0
9/30/23	"No it doesn't, as abortion bans among a million other things demonstrate. State supercedes local and can and will overrule them."	158265	r/PoliticalDiscussion	417510	-0.05
8/18/23	"Which left """"culture wars,"""" and how are those opinions materializing?"	110956	r/PoliticalDiscussion	377226	-0.15
10/29/23	"Hahaha no, it's green.......but I understand the hate.....it's a weed cimpany.....with admittedly very crappy weed.   But you know what.....i.hate your pants....."	201692	r/CasualConversation	194797	-0.4
10/14/23	">No because the American system of government lends itself to a 2 party system and currently there is no means of viable support due to money controlling politics. Wouldn't money rather want moderate Republicans to be in control? Their agenda and the relative stability would be preferable to the extremists, right?"	7725	r/PoliticalDiscussion	287687	-0.55
9/16/23	10000000000%	97212	r/CasualConversation	93823	0.85
9/8/23	"Honestly, dropping as much as the US has sent into Ukraine is backing up its claims when it says it will defend Taiwan. Being a credible threat will make China think twice."	165324	r/PoliticalDiscussion	423514	0
9/13/23	"So he *was* a warhawk, you just believe that wasn't a bad thing."	134627	r/PoliticalDiscussion	397431	-0.1
10/13/23	the gambit also doesn't work. People don't appreciate members of the other side switching parties enough to vote them for re-election. And why wouldn't you prefer someone actually loyal to your side as opposed to one who just switched?	7539	r/PoliticalDiscussion	287501	-0.1
11/10/23	"Yeah, I'm going to try to be nice now that I know. thanks!"	231702	r/CasualConversation	223874	0.6
11/5/23	It's responsible and respectful	218322	r/CasualConversation	210846	0.3
11/4/23	Are you a guy or a girl ?	215250	r/CasualConversation	207873	0
11/11/23	"I must have been in my tweens when this happened.  My mom decided to take us out to eat, and so she landed on a new (to us) place that had good reviews for their burgers.  We get there and sit down; I'm completely oblivious to the patronage, but I did notice it was some sort of restaurant/bar type setup.  The waitress takes our drinks, and at one point my mom leaned over to me and said in a hushed tone,"""" This is a gay bar.""""  I was confused for a while, as I had only the remotest notion as to what that implies. I asked her what she meant, and she awkwardly tried to explain it to my kid-brain as I was looking around the place to see what she meant. I vaguely recall a mullet and some plaid shirts, but nothing seemed obviously """"gay"""" to me.  We had our food and left. The place was called  The 5th Amendment.   Those burgers were good though."	232959	r/CasualConversation	225035	0.3
10/8/23	"I use mine so much. I've made snacks in it, steak, fish, veggies, cinnamon rolls. It's the best."	153457	r/CasualConversation	148288	0.7
10/14/23	"Yeah because Hamas has used any aid, infrastructure, and money for itself. Duh."	9624	r/PoliticalDiscussion	289582	-0.35
11/5/23	"You've fried your dopamine receptors. Put the phone down and do something non electrical for a week. Clean your house, paint a  room, batchcook, clear your garden, visit people. Be more bored. The internet is basically just a Skinner box now."	219360	r/CasualConversation	211877	-0.6
9/10/23	Please explain to me who gets polled in this polling data?	131442	r/PoliticalDiscussion	394614	-0.2
11/1/23	I bet your husband had a chuckle lol	208592	r/CasualConversation	201380	0.3
11/10/23	"Yeah I have a similar routineâ€¦lots of steps before I fully nestle into bed at night.  But when I'm traveling I literally just plop myself in the hotel bed however, and wind up passing out quickly.  My routine is only valid when I'm at home. ðŸ¤·â€â™‚ï¸"	231677	r/CasualConversation	223849	0
11/23/23	I like to watch [@w_motion's](https://youtube.com/@w_motion?si=UpP_dLj6-Kd_Mprw) stop motion cooking videos. If I'm stressed out I'll watch them in bed or fall asleep to them.	260384	r/CasualConversation	251506	0.15
10/31/23	This is really between the two of them.  You have no idea what goes on between two people.	207470	r/CasualConversation	200342	0
10/26/23	"LOL!  I went back to college in my late 20's and made a 4.0 my last few semesters, which I had never done before.  Graduated at 28.  I was a much better student when I was a little older!  It's NEVER too late.  It took me 5 1/2 years total."	196490	r/CasualConversation	189750	0.8
11/17/23	"You're just explaining how they took a right away. Women used to have absolute freedom over their reproductive health and conservatives didn't like that, so they went through a decades-long process to undo it. They're not done. They want a national abortion ban. My comment stands. They seek to take away this right from all American women and the execution of the decades long campaign culminating is SC justices (who referred to the case as ""settled law"" during the confirmation process) overturning Roe proves that they intend to remove this right entirely"	64656	r/PoliticalDiscussion	337191	-0.7
9/12/23	"The ides of """"evolution"""" that people were learning about at the time also helped make its fans feel that it was inevitable.  That systems move from Feudalism to Capitalism to Communism.  So it was the next evolutionary step of society.   There was a real futurism aspect to it.  Whereas today it looks more like a relic of the 20th Century USSR, filled with horrific crimes, grey bureaucrats, and oppression."	133519	r/PoliticalDiscussion	396479	0
11/10/23	But I can appreciate your comment because like the others I appreciate you're being nice.	229527	r/CasualConversation	221729	0.6
11/27/23	How popular is Borotalco in your country?	270594	r/CasualConversation	261382	0
8/23/23	> Though I feel like PBR transitioned from a redneck beer to the cheap beer of choice for alternative folk.  When would you say that happened?  It was the hipster beer for my circle of friends in the late 1990s/early 2000s.	37953	r/CasualConversation	36624	0.1
11/17/23	Gift card from the shittiest store.	246625	r/CasualConversation	238305	-0.5
10/21/23	"At the first I know you're just dying to see me, I could write it off as playful, but after that it's just off putting arrogance"	184274	r/CasualConversation	178036	-0.2
11/6/23	"All right, we will rewrite the second amendment.  Put up an amendment, and you have to get 2/3rds of congress and 3/4ths of the states to agree to it.  That's how you rewrite it.  Good luck convincing enough people."	90545	r/PoliticalDiscussion	359621	-0.35
11/12/23	"> https://www.nytimes.com/interactive/2023/06/22/us/abortion-clinics-dobbs-roe-wade.html Not a single one of those bans """"going to the doctor"""". They ban _killing unborn children_. It's still legal to go to the doctor. > Keep referring to pregnant women as conjoined twins, that will definitely help win their vote, lmao Now you're just putting words in my mouth. I _never said_ pregnant women were conjoined twins; I said that conjoined twins were one example of a case where doctors often have to make difficult triage calls, but are not given complete free reign by the law."	57351	r/PoliticalDiscussion	330725	-0.6
9/9/23	"We sang to our daughter when we were changing her diapers. Just a simple sing-songy song that repeated her name and then our last-name as the ending. Mary Lou, Mary Lou, Mary Lou, Mary Lou Smith Except on the last verse we'd build up the anticipation before saying Smith and then tickling her. Right before we said her last name, her 2 year old brother piped up from the other room """"Bubblegum!"""" So that became her nickname."	78218	r/CasualConversation	75364	0.95
9/9/23	Terrible point considering Jews would be straight up murdered in the majority of neighboring countries around Israel. Weird we are focused on Israel when almost every other country has similar human rights violations. Almost like this whole discussion is driven by antisemitism.	167082	r/PoliticalDiscussion	425081	-0.9
11/2/23	"Oh, never thought of it like that"	212052	r/CasualConversation	204780	0.15
10/24/23	"I do birthday month but that's just for me. I don't even tell anyone about it but if they find out and want to come along, fantastic!  but if not, also fantastic since I'm doing it anyway.  Every weekend during my birthday month, I treat myself to something special - facial, spa day, shopping, takeout from my fave restaurants etc."	191593	r/CasualConversation	185057	0.75
10/17/23	THAT...makes a lot more sense.	175042	r/CasualConversation	169117	0.5
9/10/23	"These are just my opinion; Clearly democratic voters were very wrong in their choice and should have seen the dangers that were poised to happen given his forty plus years in government.  I think no democratic contender could undo the damage that has occurred to America since his nomination.  I think the only thing to get his rating and reputation back up is to step down and let someone else takeover.  As an American, I wonder how America would be doing now if Donald Trump was still in office. Inflation was low. We were energy independent. We had only two genders.   We were respected. Fake news were found out. One thing I know, we barely had any wars and World War 3 was not as real as it is now under this current president.  Although Biden is to be blamed I think it's uninformed Democratic voters that are clearly at fault here regarding the state of our country."	131569	r/PoliticalDiscussion	394741	-0.75
12/4/23	As a key player in the rolling back of rights for large numbers of Americans and as a man who cared more about millionaires and billionaires than the average American. I for one will not miss him one bit.	102226	r/PoliticalDiscussion	369674	-0.65
8/23/23	"They definitely seem like they want to get rid of him based on the first debate.  Pence is, literally, testifying against trump in the Jan6 case.  His testimony could be what disqualifies trump from holding office via the 14th."	114507	r/PoliticalDiscussion	380158	0
8/31/23	"I love scrambled eggs on toast, and yes better eaten as a finger food!  Though, I usually have smashed avocado, eggs, cheese and Everything But The Bagel seasoning on mine.  It's soooo good!"	54347	r/CasualConversation	52283	0.85
9/10/23	">I think it would be pretty absurd to even make that claim without that caveat, the British and French Empires practiced the largest scale form of aggressive and violent imperialism that the world has ever seen, and the west under US leadership has to a significant extent continued that tradition through corporate exploitation of the developing world without regard to humans rights, and just through outright wars of imperialism that have continued basically to this day. Imperialism wasn't capitalism- it was mercantilism, which state owned companies.  If the US was 'exploiting' the developing world through corporations, why do we see a steady increase in the standard of living.  The problem most of the time is that what looks to us like exploitation is actually an improvement from even poorer living conditions.  [https://www.nytimes.com/2017/04/27/opinion/do-sweatshops-lift-workers-out-of-poverty.html](https://www.nytimes.com/2017/04/27/opinion/do-sweatshops-lift-workers-out-of-poverty.html) >that certainly hasn't happened through a process that places any meaningful emphasis on human rights You can dig into the categories here, but human rights are increasing globally over this same period of time.   [https://ourworldindata.org/human-rights](https://ourworldindata.org/human-rights) >That's not a defense of total command economies, to be sure, but it's really important context to note that free market systems also operate throughout much of the world with little regard for human rights. Free markets are predicated on human rights.  They don't emerge without property rights, rule of law, and voluntary exchange as a foundation."	131098	r/PoliticalDiscussion	394280	0.1
10/3/23	"So, imagine you're into fishing. You only get to go fishing once every other weekend. Between your fishing sessions, you spend time reading about fishing in magazines, watching videos or tutorials about fishing, learning about new fishing products, reorganize your tackle box, buy new lure or two, teach yourself a new knot style, and spend time planning your next fishing outing.  It's exactly like that but just with makeup."	142907	r/CasualConversation	138147	0.3
11/16/23	"It feels easier, almost therapeutic. It's like like I've only met two people off this app, but other than that I don't think I'll meet all of you.  So it's like getting stuff off my chest and people are listening but if it's highly unpopular I won't have to see you the next day and things be awkward or something if that makes sense.  I was kicked off of tumblr when I use to use that as my online diary essentially and then came here. And hearing different perspectives and stories has definitely helped a lot.  And I also thought I heard somewhere you'd be more likely to confess to a stranger than someone you know"	244876	r/CasualConversation	236602	0.6
9/13/23	"There's nothing to """"try to halt."""" The issue is just that a lot of lighter skinned hispanics, especially those who were born in the US or even had parents born in the US, are starting to think of themselves as white. It's a thing that has happened with a lot of ethnic groups, and when you consider that the category is made up... yeah, why not? If people aren't actively experiencing discrimination, and they can pass a paper bag test, then they just figure they're part of the majority. It happened with Italians and Slavs and the Irish and even Germans.  Most of the issues that make """"hispanics"""" a constituency for Democrats either have to do with immigration or urban poverty - and as a percentage of the population, fewer and fewer hispanics are invested in those issues."	134737	r/PoliticalDiscussion	397541	0
10/18/23	"> The people who are responsible for getting rid of McCarthy don't want to goven. Then why are they backing Jordan rather than throwing away their vote to keep the speakership open? > They didn't even want to pass a budget. They wanted to use a shutdown to extract concessions. They're, to use Boehner's term, legislative terrorists, but they have goals that are not just shutting down the chamber."	17298	r/PoliticalDiscussion	296106	-0.6
11/26/23	"Saddened. Just as I'd be sad if any died, be it Trump or Biden. Both need Christ."	77880	r/PoliticalDiscussion	348672	-0.3
10/31/23	"It's because it's something about you that also can have an effect on other people. I know it's not nice to admit but I find it uncomfortable if someone with dandruff hugs me and I then get little flecks of their dead skin on my shoulder and have to flick them off.  I'm aware that it can't be helped and that in realistic terms it's not that bad. But I still find it uncomfortable and gross. I wouldn't be unkind enough to say anything and I do try not to find it gross, it's just something I can't help feeling. In the same way that I understand that some people have medical conditions that cause them to have an unpleasant odour and know I shouldn't be bothered by it since it isn't their fault but still find it unpleasant to be around."	206774	r/CasualConversation	199646	-0.2
10/27/23	Israel not fully recognizing gay marriage isn't that far away from Arab nations murdering gays.	33686	r/PoliticalDiscussion	310338	-0.4
11/5/23	not all Israeli Jews came from England though.	90205	r/PoliticalDiscussion	359281	0
10/10/23	Same. I brush in the shower at the end when the water is warm and I don't want out yet.	159375	r/CasualConversation	154050	0.1
12/5/23	"It's not odd, though, is it? Muslims won't win in any large numbers in Republican primaries given Republicans are deeply racist toward them. Therefore, the only Muslims that will be in Congress are those elected on the Democratic side. Those will skew more leftward."	103316	r/PoliticalDiscussion	370613	-0.45
9/3/23	????????? He could just be that way without the Tate shit. I know I am.	61083	r/CasualConversation	58817	-0.4
11/5/23	I like it ðŸ˜€ was it used as a sample somewhere ?	217898	r/CasualConversation	210422	0.2
9/10/23	Chicago has the worst drivers. We just had two 100+degree days back to back and we also get temps of negative 40	79114	r/CasualConversation	76223	-0.6
10/24/23	Yep. Really only see a Freedom Caucus/far right speaker option at this point. In terms of fundraising it's horrible for the Republican party. McCarthy was a great fundraiser but if you put a Donald Trump operative in charge they both are not going to be able to as effectively fundraise (see the Koch Brothers and plenty of other GOP mega donors choosing to back any candidate other than Trump or not give the Republicans $) and whatever money is raised will go straight to the loudest MAGA supporters instead of the representatives and areas that need the money the most to fight vulnerable seats.	28469	r/PoliticalDiscussion	305909	-0.35
9/15/23	Why is Biden sending his son to the Middle East right before the largest gas price hike we have ever seen?!?!	137247	r/PoliticalDiscussion	399746	-0.5
10/14/23	"I'm curious how old you are. This sounds to me like you just weren't following the situation closely at the time. We didn't have an insane person in the White House, but the level of division was basically the same as we see today."	8660	r/PoliticalDiscussion	288619	-0.2
12/2/23	"It's a scam and the sad part is if you reply at all it shows engagement and you get put on a list so now we're not even supposed to be polite to wrong numbers. I got one where someone was contacting a guy who wasn't at a meeting. Another asking about a wedding invitation.  If you keep a conversation going, you'd probably be talking to multiple people.  I chatted with one for a long time because I was bored with covid. We even talked about scams. I told them about someone I knew who's life was ruined by one. Explained they had a brain tumor and all the fall out with their family because of their â€˜friends online.'  The pitch was eventually for some block chain wallet with impossible returns. It didn't even try to be realistic"	284005	r/CasualConversation	274376	-0.4
8/25/23	"Another really good point, thanks. I remember learning about how in history there were companies that actually ran the small towns that there workers lived in, and paid in their own currency so that most money employees earned would naturally find its way back into the companies hands. That doesn't seem free to me."	116703	r/PoliticalDiscussion	381915	0
9/10/23	Do you love team building activities?	79178	r/CasualConversation	76287	0.15
11/29/23	"I don't know, but I sure feel like there's bad luck."	275766	r/CasualConversation	266374	-0.1
11/8/23	"Oh, this could be it too. Very interesting - thank you for sharing!"	226286	r/CasualConversation	218593	0.5
10/27/23	"I am so baffled at the fact that there was no FEDERAL law he violated in the way he engaged in challenging the election and essentially organizing a mob of his faithful to assault The Capitol to stop the election certification.....yes, I see individual state cases against him... but there should be some Federal law stopping what Trump did, or it will happen again, but with someone much, much more sinister and dangerous than Trump, who is primarily a self absorbed narcissist more than he is a true fascist. Really. How is he able to run again?"	33400	r/PoliticalDiscussion	310052	-0.65
11/20/23	"Past = something that happened at least yesterday Passed = an action that already happened. Like ""please pass the potatoes"" ""oh, I already passed them to you"""	253542	r/CasualConversation	244919	0
12/5/23	"The ""establishment"" being defined exceedingly broadly as ""American democracy."""	103446	r/PoliticalDiscussion	370743	-0.2
11/15/23	he's my hero	243668	r/CasualConversation	235426	0.5
9/23/23	"Of course I recognize the influence of these worlds across the other. But come on. Can the child of a politician then ever establish their own career in law? Consulting? Finance? Tech? Academia? So on and so forth? All incredibly popular and normal career paths for white collar professionals? Should she be fired from all of those too if she had happened to work in those arenas?  I'm not denying the influence of nepotism. Especially in worlds where federal politics can have huge influence. Simply that it's excessive to claim that one cannot somehow be qualified by their own right, even with their parent's leverage, and also should not have to be punished for the sins of their parents."	149237	r/PoliticalDiscussion	409708	-0.05
11/3/23	What about your friends and family ?	214755	r/CasualConversation	207396	0
8/23/23	Keep huffing that copium. Trump already has the nomination.	114287	r/PoliticalDiscussion	379946	-0.6
11/24/23	"I have my BF from Jr highs sweat shirt. My kid wears it. I have my gym shorts from jr high as well, those I wear in the summer. ðŸ˜‚ðŸ˜‚ðŸ˜‚ not a hole in either."	262985	r/CasualConversation	254022	0.1
9/9/23	Thank you! I hope your package is fantastic!	77878	r/CasualConversation	75041	0.8
10/8/23	"Aussie here. Plenty of Koreans in Sydney (Strathfield), you will feel very welcome :)"	152684	r/CasualConversation	147549	0.9
11/3/23	How you could read my observation that Israel actively doesn't want to kill all Palestinians as advocating genocide? I would advise practicing reading comprehension before you start accusing my of advocating for the genocide of Palestinians.	82836	r/PoliticalDiscussion	352878	-0.6
8/14/23	"Political recognition is based on interests and conditions.  It was a long time before the US recognized the Soviet Union or Communist China; it was finally done because the US felt it was in the interests of the US to do so.   The Taliban is well aware that when the goal of the US was revenge, it toppled the Taliban government quite easily in 2001.  When the goal of the US was to extract itself from a messy civil war in the late 2010s, it could cut a deal with the US on a departure.  But if it was a key US interest in toppling the Taliban because it let Afghanistan become a safe haven for foreign terrorists, the US would topple it again.  So the Taliban already has a strong interest in not becoming a base for terrorists to launch attacks against the US.  With or without any recognition.   They won't be a useful US ally - too poor, too ideologically different.   So recognition remains just something that the US would do if it was in US interests - such as the Taliban moderating its stance or allowing more rights."	106596	r/PoliticalDiscussion	373397	0
8/19/23	Maybe? ðŸ¤·ðŸ¼â€â™€ï¸ðŸ˜ˆðŸ™ˆ	30701	r/CasualConversation	29682	0
9/3/23	"Let me know if this doesn't work: [https://youtu.be/NFRtzGuktfU?si=yrv4Tdn7C30pY-dS](https://youtu.be/NFRtzGuktfU?si=yrv4Tdn7C30pY-dS) I Googled """"Irish family bat"""" and it was the first thing that came up."	62250	r/CasualConversation	59942	0.5
11/5/23	Anything that benefits him personally and that he can gets his crowds to cheer.   I don't think he actually cares about any of that except the taxes.   The rest is just talking points to get the base cheering at his rallies.     He didn't believe in any of those things before he ran as a Republican.  (except the taxes of course)	87992	r/PoliticalDiscussion	357342	-0.3
10/3/23	"The GOP could reclaim the center if they wanted to if they jettisoned the entire maga/trump/alt right wing. Without the institutional support that Fox News provides them, that wing has no chance to gain momentum.  Highlighting how many of Trump's policies, his criticism of the military, and January 6th were antithetical of conservative values and the GOP held a united front because they didn't want to appear weak globally for national security reasons."	39467	r/PoliticalDiscussion	315367	-0.2
10/7/23	Hahahaha OMG	150837	r/CasualConversation	145770	0.75
10/5/23	"Cowboy take me away by The Chicks, released in 1999"	145783	r/CasualConversation	140890	0.1
8/19/23	"I mean.....THE New work Post.  Super reliable source... Someone also posted that this was known in 2021, investigated b TRUMP's People, and there was nothing untoward.  Ill still wait for actual evidence."	111466	r/PoliticalDiscussion	377602	-0.4
11/19/23	Invictus by Ryan Graudin.	251214	r/CasualConversation	242690	0
9/23/23	"The problem with invoking 2016 is that Trump wasn't going against a former president with his own cult following. A lot of them don't even like fox news anymore, and they view anything that goes against trump as fake news."	149412	r/PoliticalDiscussion	409883	-0.3
11/1/23	Personally I don't care enough about food to go through the process of cooking (although I do enjoy baking from scratch). I eat a lot of microwaveable and prepackaged food	209631	r/CasualConversation	202419	0.1
8/20/23	> She was good looking but I can't flirt when my dad is next to me and her brother is right next to her. Same here. Flirting in front of family is *so* awkward.	31766	r/CasualConversation	30714	0.05
10/2/23	"I've always loved flying, especially taking off because it finally feels like everything is Real and Happening instead of just being something planned.  The difference between potential and kinetic energy and I can FEEL it pushing into the seat.  And while there are definitely some airports I don't love (JFK and CDG head the list) there are others which are just incredible once you get past security.   I also, strangely enough, enjoy ferries.  We took one from Spain to Italy on our last trip and it was one of the most surreal experiences of my life.  A former cruise ship carrying less than 10% of a normal cruise passenger load and 98% of them teamsters.  It took 24 hours and only four people (and we were two of them) embarked without a vehicle.  It stormed the entire way and I had a great time.  Gave me a whole new appreciation for how intrepid the folks of the Med were 2000 years ago crossing it in wooden sailing vessels.    (The second ferry, in much better weather since the storm blew on ahead of us, was a one-hour hydrofoil which was also very, very cool.) Sometimes when I'm home for long periods my curiosity feels like it's dozing, travel definitely wakes it up."	140292	r/CasualConversation	135638	0.8
10/2/23	"How about watching movies? By that logic, they're also """"efficiency crimes"""" that serve no purpose. Even if we're being VERY cynical, humans actually do need to have their mood increased from time to time to function properly"	139852	r/CasualConversation	135198	-0.1